                  epoch,         train/box_loss,         train/cls_loss,         train/dfl_loss,   metrics/precision(B),      metrics/recall(B),       metrics/mAP50(B),    metrics/mAP50-95(B),           val/box_loss,           val/cls_loss,           val/dfl_loss,                 lr/pg0,                 lr/pg1,                 lr/pg2
                      1,                 4.1579,                  3.459,                  2.609,                0.03661,                0.05147,                0.02268,                0.00603,                 4.6844,                  5.939,                 2.7005,               0.070061,              0.0033265,              0.0033265
                      2,                  3.359,                 2.8809,                  2.191,                0.51016,                0.14869,                0.15909,                0.04768,                  3.747,                 4.1806,                 2.3443,               0.040039,              0.0066379,              0.0066379
                      3,                 3.1875,                 2.7003,                 2.0758,                0.37863,                0.19639,                0.16226,                0.05851,                 3.4261,                  3.172,                 2.0915,              0.0099951,              0.0099273,              0.0099273
                      4,                 3.0334,                 2.5926,                 2.0084,                0.68192,                0.16346,                0.19697,                0.07851,                 3.2352,                 2.6983,                 2.0335,               0.009901,               0.009901,               0.009901
                      5,                 2.9634,                 2.4676,                 1.9403,                0.41864,                0.27756,                0.27755,                 0.1063,                 3.1886,                 2.5385,                 2.0369,               0.009868,               0.009868,               0.009868
                      6,                 2.8775,                 2.4071,                 1.8978,                 0.3469,                0.22459,                 0.2318,                0.09424,                  3.164,                 2.8072,                 2.0072,               0.009835,               0.009835,               0.009835
                      7,                 2.8238,                 2.3157,                 1.8569,                0.68467,                0.26305,                0.30731,                 0.1314,                 2.9702,                 2.3378,                 1.9073,               0.009802,               0.009802,               0.009802
                      8,                 2.7836,                 2.2471,                 1.8282,                0.62879,                0.36459,                0.40955,                0.17718,                 2.8384,                 2.1465,                 1.7758,               0.009769,               0.009769,               0.009769
                      9,                 2.7282,                 2.2055,                  1.797,                0.59479,                0.35057,                0.38772,                 0.1687,                  2.875,                 2.2597,                 1.8072,               0.009736,               0.009736,               0.009736
                     10,                 2.6898,                 2.1585,                 1.7688,                 0.5316,                0.35397,                0.37329,                0.16398,                 2.7837,                 2.1138,                 1.7833,               0.009703,               0.009703,               0.009703
                     11,                 2.6746,                 2.1376,                 1.7595,                 0.6034,                0.41728,                0.44069,                0.19378,                  2.761,                 2.0319,                 1.7597,                0.00967,                0.00967,                0.00967
                     12,                 2.6285,                 2.0829,                 1.7246,                0.66073,                0.36674,                0.42802,                0.18964,                 2.7539,                 2.0802,                 1.7562,               0.009637,               0.009637,               0.009637
                     13,                 2.5875,                 2.0432,                 1.7059,                0.67362,                0.43508,                0.48867,                0.22669,                 2.6137,                 1.8591,                 1.6643,               0.009604,               0.009604,               0.009604
                     14,                 2.5772,                 2.0213,                 1.6968,                0.61138,                0.42492,                0.46851,                0.21072,                 2.6261,                 1.8346,                 1.6785,               0.009571,               0.009571,               0.009571
                     15,                 2.5733,                 2.0028,                 1.6957,                 0.7115,                0.43079,                0.50881,                0.24519,                 2.5571,                 1.7362,                 1.6575,               0.009538,               0.009538,               0.009538
                     16,                 2.5225,                  1.946,                 1.6669,                0.58742,                0.36488,                0.40289,                0.18559,                 2.6585,                 2.0634,                 1.6918,               0.009505,               0.009505,               0.009505
                     17,                 2.5297,                 1.9379,                 1.6674,                0.66505,                 0.3748,                0.43277,                0.20843,                 2.5628,                 1.9119,                 1.6551,               0.009472,               0.009472,               0.009472
                     18,                 2.5005,                 1.8981,                 1.6399,                0.59435,                0.43389,                0.47047,                0.22356,                 2.5268,                 1.8778,                 1.6186,               0.009439,               0.009439,               0.009439
                     19,                 2.4744,                 1.8564,                 1.6224,                 0.6122,                0.33539,                0.38225,                0.17399,                 2.7572,                 2.1301,                 1.7229,               0.009406,               0.009406,               0.009406
                     20,                  2.466,                 1.8593,                 1.6244,                0.72987,                0.45369,                0.52132,                0.24883,                 2.4899,                 1.6777,                 1.5931,               0.009373,               0.009373,               0.009373
                     21,                 2.4463,                 1.8415,                 1.6182,                0.70239,                0.41661,                0.48726,                0.23798,                 2.4796,                 1.7416,                 1.6034,                0.00934,                0.00934,                0.00934
                     22,                 2.4381,                 1.8279,                 1.6018,                0.72686,                0.44249,                0.51809,                 0.2539,                 2.5182,                 1.7008,                 1.6125,               0.009307,               0.009307,               0.009307
                     23,                 2.4176,                 1.8038,                 1.5885,                0.66484,                0.38408,                0.44926,                0.21727,                  2.508,                 1.8885,                 1.6231,               0.009274,               0.009274,               0.009274
                     24,                 2.4098,                  1.795,                 1.5831,                0.72194,                0.39065,                 0.4614,                0.22715,                 2.4853,                  1.848,                 1.5877,               0.009241,               0.009241,               0.009241
                     25,                    2.4,                 1.7762,                 1.5776,                0.71767,                0.48556,                0.54719,                0.26102,                 2.4813,                 1.6143,                 1.5756,               0.009208,               0.009208,               0.009208
                     26,                 2.3813,                 1.7742,                 1.5718,                0.65789,                0.40601,                0.46104,                0.22151,                 2.5884,                 1.9309,                 1.6339,               0.009175,               0.009175,               0.009175
                     27,                 2.3733,                 1.7593,                  1.568,                0.67634,                 0.2916,                0.32402,                0.14887,                 2.8279,                  2.392,                 1.7133,               0.009142,               0.009142,               0.009142
                     28,                 2.3521,                 1.7396,                 1.5484,                0.75229,                0.45471,                0.54597,                0.27317,                 2.3459,                  1.567,                 1.5063,               0.009109,               0.009109,               0.009109
                     29,                 2.3467,                 1.7185,                 1.5465,                  0.705,                0.47038,                0.54035,                0.27347,                 2.3702,                 1.6034,                 1.5313,               0.009076,               0.009076,               0.009076
                     30,                 2.3504,                 1.7265,                 1.5488,                0.76252,                0.49873,                0.59251,                0.30229,                 2.3057,                 1.4718,                 1.5031,               0.009043,               0.009043,               0.009043
                     31,                 2.3337,                 1.6968,                 1.5328,                0.75814,                0.50723,                0.58668,                0.30023,                 2.3177,                 1.4791,                 1.4979,                0.00901,                0.00901,                0.00901
                     32,                 2.3392,                 1.6859,                 1.5352,                0.74416,                0.48962,                0.56956,                0.29071,                 2.3719,                 1.5314,                 1.5114,               0.008977,               0.008977,               0.008977
                     33,                 2.3161,                 1.6801,                 1.5348,                0.77712,                0.51452,                0.60585,                0.31553,                 2.2549,                 1.4251,                 1.4668,               0.008944,               0.008944,               0.008944
                     34,                 2.3115,                 1.6727,                 1.5249,                0.78422,                0.52266,                0.60821,                0.31096,                 2.3004,                 1.4278,                 1.4757,               0.008911,               0.008911,               0.008911
                     35,                 2.2955,                 1.6518,                 1.5111,                0.80394,                0.51424,                0.61406,                0.32261,                 2.2594,                 1.4325,                 1.4828,               0.008878,               0.008878,               0.008878
                     36,                 2.2957,                 1.6678,                 1.5253,                0.63606,                0.38963,                0.43129,                0.20662,                 2.5637,                 1.9284,                 1.5833,               0.008845,               0.008845,               0.008845
                     37,                 2.2858,                 1.6431,                  1.509,                0.67851,                 0.4873,                0.55347,                0.26371,                 2.4252,                 1.5819,                 1.5374,               0.008812,               0.008812,               0.008812
                     38,                 2.2753,                 1.6271,                 1.5027,                0.77423,                0.51127,                0.61048,                0.32148,                 2.2443,                 1.4043,                 1.4663,               0.008779,               0.008779,               0.008779
                     39,                 2.2745,                 1.6245,                 1.4995,                0.78761,                0.52163,                0.62286,                0.33032,                  2.212,                 1.3753,                  1.441,               0.008746,               0.008746,               0.008746
                     40,                 2.2649,                 1.6177,                 1.4981,                0.76561,                0.53678,                0.63147,                 0.3322,                 2.2057,                 1.3547,                 1.4409,               0.008713,               0.008713,               0.008713
                     41,                 2.2645,                 1.6037,                 1.4928,                 0.7695,                0.53114,                0.62681,                0.33237,                 2.1821,                 1.3581,                 1.4382,                0.00868,                0.00868,                0.00868
                     42,                 2.2455,                  1.588,                 1.4874,                0.75514,                0.52352,                  0.611,                0.31432,                 2.2777,                 1.4313,                 1.4806,               0.008647,               0.008647,               0.008647
                     43,                 2.2512,                 1.6041,                  1.488,                0.79028,                0.53687,                0.63376,                0.33074,                 2.2151,                 1.3501,                 1.4466,               0.008614,               0.008614,               0.008614
                     44,                 2.2445,                 1.5721,                 1.4819,                0.78732,                0.55049,                0.64743,                0.34415,                 2.1573,                 1.3216,                 1.4164,               0.008581,               0.008581,               0.008581
                     45,                 2.2367,                 1.5602,                  1.475,                0.79506,                0.54273,                0.63456,                0.32942,                 2.2007,                 1.3377,                 1.4221,               0.008548,               0.008548,               0.008548
                     46,                 2.2285,                 1.5689,                 1.4789,                0.77339,                0.53746,                0.63065,                0.33094,                 2.2096,                  1.357,                  1.435,               0.008515,               0.008515,               0.008515
                     47,                 2.2234,                 1.5596,                 1.4752,                0.78473,                0.54589,                0.64115,                0.34725,                 2.1434,                 1.3045,                  1.408,               0.008482,               0.008482,               0.008482
                     48,                 2.2087,                 1.5487,                 1.4639,                0.78966,                0.54918,                 0.6536,                0.35286,                 2.1227,                 1.2838,                 1.3978,               0.008449,               0.008449,               0.008449
                     49,                 2.2252,                 1.5417,                  1.473,                0.80312,                0.53861,                0.64705,                0.35062,                 2.1276,                 1.2818,                 1.3972,               0.008416,               0.008416,               0.008416
                     50,                  2.223,                  1.541,                  1.467,                0.78388,                0.55069,                0.65168,                0.34823,                  2.145,                 1.2961,                 1.4016,               0.008383,               0.008383,               0.008383
                     51,                  2.212,                   1.53,                 1.4598,                0.80733,                0.55012,                0.65018,                0.34964,                 2.1229,                 1.2832,                 1.3855,                0.00835,                0.00835,                0.00835
                     52,                 2.1986,                 1.5268,                 1.4627,                0.81144,                0.55376,                0.65965,                0.35568,                 2.1154,                 1.2691,                 1.3858,               0.008317,               0.008317,               0.008317
                     53,                 2.1838,                 1.5174,                 1.4482,                0.79626,                0.56762,                0.66729,                0.35884,                 2.1298,                 1.2635,                 1.3949,               0.008284,               0.008284,               0.008284
                     54,                 2.1939,                 1.5298,                 1.4584,                0.80659,                0.56687,                0.66583,                0.36312,                 2.0895,                 1.2556,                  1.377,               0.008251,               0.008251,               0.008251
                     55,                 2.1885,                 1.5176,                 1.4525,                0.77474,                0.57376,                0.66172,                0.36006,                 2.0983,                 1.2559,                 1.3814,               0.008218,               0.008218,               0.008218
                     56,                 2.1778,                 1.5163,                  1.448,                0.79234,                0.57389,                0.67073,                0.36657,                 2.0719,                 1.2462,                 1.3684,               0.008185,               0.008185,               0.008185
                     57,                 2.1707,                 1.5006,                 1.4434,                0.81343,                0.56092,                0.67176,                0.36721,                 2.0768,                 1.2345,                 1.3709,               0.008152,               0.008152,               0.008152
                     58,                 2.1643,                  1.489,                 1.4366,                0.81948,                0.55663,                0.66681,                0.36529,                 2.0716,                  1.234,                 1.3642,               0.008119,               0.008119,               0.008119
                     59,                 2.1667,                 1.4907,                 1.4378,                0.80724,                0.56669,                0.66952,                0.36828,                 2.0547,                 1.2261,                 1.3595,               0.008086,               0.008086,               0.008086
                     60,                 2.1593,                 1.4857,                 1.4379,                0.78018,                0.57701,                0.67361,                0.37214,                 2.0665,                  1.228,                 1.3622,               0.008053,               0.008053,               0.008053
                     61,                  2.156,                 1.4856,                 1.4385,                0.80705,                0.57136,                0.67144,                0.36807,                 2.0664,                 1.2294,                 1.3604,                0.00802,                0.00802,                0.00802
                     62,                 2.1552,                 1.4775,                 1.4377,                0.79564,                0.57332,                0.67621,                0.37518,                 2.0486,                 1.2138,                 1.3537,               0.007987,               0.007987,               0.007987
                     63,                 2.1646,                 1.4801,                 1.4379,                0.80082,                0.57432,                0.67424,                0.37269,                 2.0588,                 1.2226,                  1.361,               0.007954,               0.007954,               0.007954
                     64,                  2.154,                 1.4694,                 1.4348,                0.80426,                0.56918,                0.67527,                0.37349,                  2.055,                 1.2096,                 1.3598,               0.007921,               0.007921,               0.007921
                     65,                 2.1495,                 1.4687,                 1.4295,                0.80963,                0.57094,                0.67571,                 0.3718,                 2.0483,                   1.21,                 1.3548,               0.007888,               0.007888,               0.007888
                     66,                 2.1368,                 1.4566,                 1.4205,                 0.7893,                0.58235,                0.68038,                0.37737,                 2.0382,                  1.197,                  1.349,               0.007855,               0.007855,               0.007855
                     67,                 2.1516,                 1.4709,                 1.4357,                 0.8096,                0.57376,                0.68118,                 0.3784,                 2.0262,                 1.1976,                 1.3476,               0.007822,               0.007822,               0.007822
                     68,                  2.134,                 1.4492,                 1.4224,                0.81461,                0.57634,                0.68496,                0.38096,                 2.0253,                 1.1912,                 1.3434,               0.007789,               0.007789,               0.007789
                     69,                 2.1443,                 1.4465,                 1.4273,                0.79961,                0.58525,                0.68353,                 0.3813,                 2.0285,                 1.1923,                  1.344,               0.007756,               0.007756,               0.007756
                     70,                   2.13,                 1.4474,                 1.4223,                0.81109,                0.58062,                0.68449,                0.38245,                 2.0255,                 1.1912,                 1.3412,               0.007723,               0.007723,               0.007723
                     71,                  2.138,                 1.4468,                 1.4179,                0.81948,                0.57698,                0.68825,                0.38351,                 2.0153,                 1.1814,                 1.3374,                0.00769,                0.00769,                0.00769
                     72,                 2.1172,                 1.4446,                 1.4207,                 0.8099,                 0.5906,                0.69284,                0.38452,                 2.0188,                 1.1785,                 1.3358,               0.007657,               0.007657,               0.007657
                     73,                 2.1113,                 1.4288,                 1.4199,                0.80839,                0.58697,                0.69091,                0.38718,                  2.006,                 1.1689,                 1.3364,               0.007624,               0.007624,               0.007624
                     74,                 2.1192,                 1.4176,                 1.4137,                0.81731,                0.58366,                0.69127,                0.38729,                 1.9991,                 1.1765,                 1.3344,               0.007591,               0.007591,               0.007591
                     75,                 2.1126,                 1.4144,                 1.4098,                0.80872,                0.58404,                0.69141,                0.38836,                 1.9946,                 1.1743,                 1.3306,               0.007558,               0.007558,               0.007558
                     76,                 2.1044,                 1.4168,                 1.4077,                0.80621,                 0.5921,                0.69334,                0.38866,                 1.9969,                 1.1681,                 1.3311,               0.007525,               0.007525,               0.007525
                     77,                 2.0938,                 1.4186,                 1.4045,                0.80741,                  0.592,                0.69402,                0.39066,                 1.9946,                 1.1663,                 1.3277,               0.007492,               0.007492,               0.007492
                     78,                 2.1102,                 1.4237,                 1.4137,                0.81525,                0.59068,                0.69356,                0.39092,                 1.9912,                 1.1616,                 1.3253,               0.007459,               0.007459,               0.007459
                     79,                 2.1089,                 1.4251,                 1.4081,                0.80848,                0.59564,                0.69729,                0.39106,                 1.9979,                 1.1575,                 1.3288,               0.007426,               0.007426,               0.007426
                     80,                 2.1118,                 1.4131,                 1.4069,                 0.8156,                0.58834,                0.69512,                0.39136,                 1.9934,                 1.1562,                 1.3272,               0.007393,               0.007393,               0.007393
                     81,                  2.101,                  1.396,                 1.4013,                0.80769,                0.59265,                0.69634,                0.39151,                 1.9886,                 1.1564,                 1.3259,                0.00736,                0.00736,                0.00736
                     82,                 2.1053,                 1.4174,                 1.4076,                0.80903,                0.59353,                0.69856,                0.39365,                 1.9836,                 1.1508,                 1.3239,               0.007327,               0.007327,               0.007327
                     83,                 2.0834,                 1.3985,                  1.399,                  0.813,                0.59342,                0.69818,                 0.3941,                 1.9858,                 1.1444,                 1.3218,               0.007294,               0.007294,               0.007294
                     84,                 2.0873,                 1.3893,                 1.3988,                0.81688,                 0.5946,                0.69869,                0.39478,                 1.9849,                 1.1412,                 1.3233,               0.007261,               0.007261,               0.007261
                     85,                 2.1049,                 1.3943,                 1.4019,                0.81476,                0.59644,                0.69898,                0.39449,                 1.9806,                 1.1409,                 1.3207,               0.007228,               0.007228,               0.007228
                     86,                 2.0995,                  1.405,                 1.4022,                0.82814,                0.59307,                0.70212,                0.39516,                 1.9778,                 1.1368,                 1.3198,               0.007195,               0.007195,               0.007195
                     87,                  2.084,                 1.3892,                 1.3967,                0.82935,                0.59078,                0.70223,                0.39657,                  1.974,                 1.1355,                 1.3165,               0.007162,               0.007162,               0.007162
                     88,                 2.0923,                 1.3998,                  1.401,                0.83436,                0.59343,                0.70513,                0.39769,                 1.9741,                 1.1321,                  1.318,               0.007129,               0.007129,               0.007129
                     89,                 2.0813,                 1.3815,                    1.4,                0.83424,                 0.5934,                0.70483,                0.39836,                 1.9674,                 1.1293,                 1.3159,               0.007096,               0.007096,               0.007096
                     90,                 2.0739,                 1.3766,                 1.3934,                0.83491,                0.59105,                0.70463,                0.39739,                 1.9687,                 1.1295,                  1.315,               0.007063,               0.007063,               0.007063
                     91,                 2.0821,                 1.3801,                 1.3914,                 0.8399,                0.59316,                0.70635,                0.39805,                 1.9696,                 1.1255,                 1.3156,                0.00703,                0.00703,                0.00703
                     92,                 2.0665,                 1.3717,                 1.3917,                0.83214,                 0.5942,                0.70659,                0.39795,                 1.9661,                 1.1243,                 1.3142,               0.006997,               0.006997,               0.006997
                     93,                 2.0732,                 1.3674,                 1.3843,                0.83428,                0.59565,                0.70825,                0.39868,                 1.9606,                 1.1226,                 1.3113,               0.006964,               0.006964,               0.006964
                     94,                 2.0743,                 1.3712,                 1.3932,                0.83211,                0.59949,                0.70949,                0.39887,                 1.9576,                 1.1206,                 1.3096,               0.006931,               0.006931,               0.006931
                     95,                 2.0691,                 1.3636,                 1.3858,                0.83535,                0.59854,                0.70868,                0.40028,                 1.9548,                 1.1192,                 1.3078,               0.006898,               0.006898,               0.006898
                     96,                 2.0623,                 1.3661,                 1.3821,                0.84197,                0.59566,                0.70906,                0.40122,                 1.9522,                 1.1147,                 1.3074,               0.006865,               0.006865,               0.006865
                     97,                 2.0519,                 1.3626,                 1.3848,                0.83924,                0.59736,                0.71031,                0.40209,                  1.948,                 1.1133,                 1.3063,               0.006832,               0.006832,               0.006832
                     98,                 2.0654,                 1.3544,                 1.3846,                0.83609,                0.60015,                0.71025,                0.40241,                 1.9457,                 1.1121,                 1.3042,               0.006799,               0.006799,               0.006799
                     99,                 2.0627,                 1.3608,                 1.3845,                0.83737,                0.59913,                0.71092,                0.40214,                 1.9466,                 1.1117,                 1.3039,               0.006766,               0.006766,               0.006766
                    100,                 2.0536,                 1.3583,                 1.3779,                0.83964,                0.59899,                0.71254,                0.40405,                  1.944,                   1.11,                 1.3032,               0.006733,               0.006733,               0.006733
                    101,                 2.0519,                 1.3481,                 1.3786,                0.84051,                0.59807,                 0.7119,                0.40417,                 1.9449,                 1.1094,                 1.3025,                 0.0067,                 0.0067,                 0.0067
                    102,                 2.0523,                 1.3478,                 1.3759,                0.84534,                0.59864,                  0.714,                0.40469,                 1.9445,                 1.1066,                 1.3016,               0.006667,               0.006667,               0.006667
                    103,                 2.0539,                 1.3521,                  1.377,                0.83391,                0.60495,                0.71437,                0.40551,                 1.9429,                 1.1031,                  1.301,               0.006634,               0.006634,               0.006634
                    104,                 2.0441,                 1.3376,                 1.3724,                0.84078,                0.60283,                0.71473,                0.40546,                 1.9422,                 1.1012,                 1.3001,               0.006601,               0.006601,               0.006601
                    105,                 2.0479,                 1.3377,                  1.372,                0.83764,                0.60471,                0.71599,                0.40549,                  1.941,                  1.102,                 1.2997,               0.006568,               0.006568,               0.006568
                    106,                  2.042,                 1.3418,                 1.3707,                0.83675,                0.60529,                 0.7172,                0.40626,                 1.9385,                 1.0989,                 1.2985,               0.006535,               0.006535,               0.006535
                    107,                 2.0311,                 1.3269,                 1.3652,                0.83881,                0.60585,                0.71863,                0.40787,                 1.9378,                 1.0961,                 1.2975,               0.006502,               0.006502,               0.006502
                    108,                 2.0434,                 1.3386,                  1.375,                0.84277,                0.60305,                0.71834,                0.40828,                 1.9359,                 1.0956,                 1.2967,               0.006469,               0.006469,               0.006469
                    109,                 2.0365,                 1.3333,                 1.3722,                0.83895,                0.60541,                0.71837,                 0.4085,                 1.9344,                 1.0935,                 1.2957,               0.006436,               0.006436,               0.006436
                    110,                 2.0394,                 1.3352,                 1.3693,                0.84348,                0.60416,                0.71975,                0.40886,                  1.931,                 1.0924,                 1.2949,               0.006403,               0.006403,               0.006403
                    111,                  2.025,                 1.3231,                 1.3671,                0.83316,                0.60809,                0.71969,                0.40898,                 1.9301,                 1.0919,                 1.2941,                0.00637,                0.00637,                0.00637
                    112,                 2.0358,                 1.3214,                 1.3677,                0.83451,                 0.6078,                0.71965,                0.40946,                 1.9291,                  1.091,                 1.2935,               0.006337,               0.006337,               0.006337
                    113,                 2.0259,                 1.3376,                 1.3717,                0.83741,                0.60837,                0.72053,                0.41036,                 1.9271,                 1.0898,                 1.2927,               0.006304,               0.006304,               0.006304
                    114,                 2.0184,                 1.3295,                 1.3642,                0.83932,                 0.6074,                0.72133,                0.41024,                 1.9257,                 1.0889,                 1.2918,               0.006271,               0.006271,               0.006271
                    115,                 2.0128,                 1.3103,                 1.3619,                0.83466,                 0.6099,                0.72118,                0.41078,                 1.9246,                 1.0868,                 1.2911,               0.006238,               0.006238,               0.006238
                    116,                 2.0168,                  1.317,                 1.3589,                0.83222,                0.61004,                0.72142,                0.41066,                 1.9244,                 1.0858,                  1.291,               0.006205,               0.006205,               0.006205
                    117,                 2.0225,                  1.313,                  1.362,                0.83301,                0.60935,                0.72268,                 0.4111,                 1.9237,                 1.0837,                 1.2906,               0.006172,               0.006172,               0.006172
                    118,                 2.0185,                  1.306,                 1.3617,                0.83588,                0.60913,                0.72336,                0.41106,                 1.9226,                  1.083,                 1.2897,               0.006139,               0.006139,               0.006139
                    119,                  2.029,                 1.3109,                 1.3623,                0.83603,                 0.6093,                0.72386,                0.41153,                 1.9218,                  1.082,                 1.2889,               0.006106,               0.006106,               0.006106
                    120,                 2.0228,                 1.3133,                  1.362,                 0.8349,                0.60998,                0.72452,                 0.4119,                 1.9199,                 1.0812,                 1.2878,               0.006073,               0.006073,               0.006073
                    121,                 2.0146,                 1.3099,                 1.3619,                0.83663,                0.60904,                0.72453,                0.41258,                 1.9193,                 1.0808,                 1.2873,                0.00604,                0.00604,                0.00604
                    122,                 2.0223,                 1.3118,                  1.363,                0.83698,                0.60957,                0.72513,                0.41248,                 1.9185,                 1.0803,                 1.2867,               0.006007,               0.006007,               0.006007
                    123,                 2.0153,                 1.3092,                 1.3575,                0.83699,                0.60855,                0.72487,                0.41258,                 1.9168,                 1.0794,                 1.2857,               0.005974,               0.005974,               0.005974
                    124,                 2.0103,                 1.2979,                 1.3524,                0.83773,                0.61057,                0.72621,                0.41289,                 1.9147,                 1.0774,                 1.2849,               0.005941,               0.005941,               0.005941
                    125,                 2.0059,                 1.2988,                 1.3584,                0.83525,                0.61225,                 0.7266,                0.41392,                  1.914,                 1.0752,                 1.2846,               0.005908,               0.005908,               0.005908
                    126,                 2.0023,                 1.3099,                 1.3593,                0.83498,                0.61271,                0.72731,                0.41398,                 1.9121,                 1.0733,                 1.2837,               0.005875,               0.005875,               0.005875
                    127,                 2.0072,                 1.2997,                 1.3591,                0.83649,                0.61162,                0.72777,                 0.4146,                  1.911,                 1.0711,                 1.2832,               0.005842,               0.005842,               0.005842
                    128,                 2.0015,                 1.2982,                  1.356,                0.83276,                0.61416,                0.72772,                0.41476,                 1.9105,                 1.0701,                 1.2828,               0.005809,               0.005809,               0.005809
                    129,                 2.0063,                 1.2863,                 1.3487,                0.83465,                0.61257,                0.72747,                0.41488,                 1.9094,                 1.0683,                 1.2819,               0.005776,               0.005776,               0.005776
                    130,                 2.0004,                 1.2977,                 1.3547,                0.83547,                0.61376,                 0.7286,                0.41519,                 1.9088,                 1.0672,                 1.2816,               0.005743,               0.005743,               0.005743
                    131,                 1.9791,                 1.2787,                 1.3438,                0.83476,                0.61423,                0.72821,                0.41564,                  1.908,                 1.0662,                 1.2813,                0.00571,                0.00571,                0.00571
                    132,                 1.9957,                 1.2844,                 1.3511,                0.83294,                0.61499,                0.72863,                0.41623,                 1.9069,                 1.0652,                 1.2809,               0.005677,               0.005677,               0.005677
                    133,                 1.9995,                 1.2869,                 1.3501,                0.83008,                0.61729,                0.72871,                0.41628,                 1.9061,                 1.0649,                 1.2802,               0.005644,               0.005644,               0.005644
                    134,                 2.0032,                 1.2974,                 1.3516,                0.83029,                0.61845,                0.72919,                0.41638,                 1.9058,                 1.0653,                 1.2799,               0.005611,               0.005611,               0.005611
                    135,                 1.9998,                 1.3045,                 1.3497,                0.83072,                0.61738,                0.72865,                0.41631,                 1.9051,                 1.0645,                 1.2795,               0.005578,               0.005578,               0.005578
                    136,                 1.9888,                 1.2797,                 1.3464,                0.83267,                0.61792,                 0.7291,                0.41672,                  1.904,                 1.0625,                 1.2793,               0.005545,               0.005545,               0.005545
                    137,                 1.9873,                 1.2841,                 1.3528,                0.83096,                0.61984,                0.72985,                0.41673,                 1.9036,                 1.0615,                 1.2787,               0.005512,               0.005512,               0.005512
                    138,                 1.9733,                 1.2783,                 1.3418,                0.82952,                 0.6211,                0.72986,                0.41741,                 1.9028,                 1.0608,                 1.2782,               0.005479,               0.005479,               0.005479
                    139,                 1.9796,                 1.2675,                 1.3353,                0.82852,                0.62237,                0.73045,                0.41756,                 1.9024,                 1.0598,                 1.2783,               0.005446,               0.005446,               0.005446
                    140,                 1.9751,                 1.2801,                 1.3422,                0.82506,                0.62437,                0.73067,                0.41809,                 1.9014,                 1.0589,                 1.2777,               0.005413,               0.005413,               0.005413
                    141,                 1.9842,                 1.2829,                 1.3443,                0.82551,                0.62421,                 0.7309,                0.41831,                 1.9013,                  1.058,                 1.2777,                0.00538,                0.00538,                0.00538
                    142,                 1.9744,                 1.2751,                 1.3404,                0.82566,                0.62509,                 0.7313,                0.41824,                 1.9004,                 1.0572,                 1.2772,               0.005347,               0.005347,               0.005347
                    143,                 1.9812,                 1.2802,                   1.34,                0.82463,                0.62593,                0.73139,                0.41854,                 1.8996,                 1.0563,                 1.2772,               0.005314,               0.005314,               0.005314
                    144,                 1.9827,                 1.2707,                 1.3412,                0.82454,                0.62458,                0.73088,                0.41816,                 1.8996,                 1.0568,                 1.2768,               0.005281,               0.005281,               0.005281
                    145,                 1.9601,                 1.2553,                 1.3283,                0.82589,                0.62442,                0.73126,                0.41833,                 1.8987,                 1.0563,                 1.2763,               0.005248,               0.005248,               0.005248
                    146,                 1.9736,                 1.2647,                 1.3346,                0.82553,                0.62483,                0.73134,                0.41843,                  1.899,                 1.0556,                 1.2761,               0.005215,               0.005215,               0.005215
                    147,                 1.9596,                 1.2633,                 1.3324,                0.82519,                0.62646,                0.73225,                0.41891,                 1.8982,                 1.0547,                  1.276,               0.005182,               0.005182,               0.005182
                    148,                 1.9578,                 1.2551,                 1.3303,                0.82368,                0.62753,                0.73252,                0.41883,                 1.8973,                 1.0543,                 1.2755,               0.005149,               0.005149,               0.005149
                    149,                 1.9841,                 1.2683,                   1.34,                0.82565,                0.62552,                0.73256,                 0.4189,                 1.8968,                 1.0538,                 1.2751,               0.005116,               0.005116,               0.005116
                    150,                 1.9714,                 1.2531,                 1.3323,                0.82396,                0.62796,                0.73295,                0.41925,                 1.8965,                 1.0526,                 1.2749,               0.005083,               0.005083,               0.005083
                    151,                 1.9601,                 1.2567,                 1.3314,                0.82537,                0.62767,                 0.7329,                0.41928,                 1.8971,                  1.052,                 1.2751,                0.00505,                0.00505,                0.00505
                    152,                 1.9641,                 1.2578,                 1.3272,                0.82528,                 0.6275,                0.73323,                0.41941,                 1.8966,                 1.0512,                 1.2748,               0.005017,               0.005017,               0.005017
                    153,                 1.9406,                 1.2575,                 1.3305,                0.82738,                0.62783,                0.73383,                0.41973,                 1.8959,                 1.0501,                 1.2745,               0.004984,               0.004984,               0.004984
                    154,                  1.945,                 1.2493,                 1.3272,                0.82484,                0.62855,                0.73364,                0.41946,                 1.8957,                 1.0499,                 1.2743,               0.004951,               0.004951,               0.004951
                    155,                 1.9421,                 1.2416,                 1.3247,                0.82515,                0.62952,                0.73442,                0.41983,                 1.8952,                 1.0484,                  1.274,               0.004918,               0.004918,               0.004918
                    156,                 1.9474,                 1.2525,                 1.3284,                0.82806,                0.62825,                0.73428,                0.41977,                 1.8943,                 1.0479,                 1.2735,               0.004885,               0.004885,               0.004885
                    157,                 1.9554,                 1.2474,                 1.3263,                0.82795,                0.62862,                0.73452,                0.42022,                 1.8946,                 1.0469,                 1.2734,               0.004852,               0.004852,               0.004852
                    158,                 1.9456,                 1.2362,                 1.3203,                0.82973,                 0.6282,                0.73515,                0.42043,                 1.8944,                 1.0461,                 1.2732,               0.004819,               0.004819,               0.004819
                    159,                 1.9648,                  1.258,                 1.3312,                0.83083,                0.62779,                0.73509,                0.42082,                 1.8946,                 1.0457,                 1.2733,               0.004786,               0.004786,               0.004786
                    160,                 1.9528,                 1.2496,                 1.3268,                0.83047,                0.62767,                 0.7357,                 0.4209,                 1.8947,                 1.0453,                 1.2731,               0.004753,               0.004753,               0.004753
                    161,                 1.9486,                  1.247,                 1.3254,                0.83039,                0.62935,                 0.7362,                0.42074,                 1.8942,                 1.0448,                 1.2728,                0.00472,                0.00472,                0.00472
                    162,                 1.9362,                 1.2357,                 1.3213,                0.83203,                0.62902,                0.73643,                 0.4209,                 1.8933,                 1.0443,                 1.2725,               0.004687,               0.004687,               0.004687
                    163,                 1.9498,                 1.2377,                 1.3235,                0.82962,                0.62922,                0.73693,                0.42104,                 1.8933,                 1.0437,                 1.2721,               0.004654,               0.004654,               0.004654
                    164,                 1.9435,                 1.2384,                 1.3248,                0.83108,                0.62847,                0.73726,                0.42108,                 1.8933,                 1.0433,                  1.272,               0.004621,               0.004621,               0.004621
                    165,                 1.9362,                 1.2299,                 1.3206,                0.83147,                0.63067,                0.73748,                 0.4214,                 1.8934,                 1.0427,                 1.2719,               0.004588,               0.004588,               0.004588
                    166,                 1.9521,                 1.2446,                 1.3295,                0.82966,                 0.6309,                0.73787,                  0.421,                 1.8934,                 1.0422,                 1.2716,               0.004555,               0.004555,               0.004555
                    167,                 1.9356,                 1.2295,                 1.3192,                   0.83,                0.63082,                0.73811,                0.42176,                 1.8929,                 1.0416,                 1.2713,               0.004522,               0.004522,               0.004522
                    168,                 1.9351,                 1.2267,                 1.3195,                0.83329,                0.62909,                0.73816,                0.42162,                 1.8932,                 1.0411,                 1.2713,               0.004489,               0.004489,               0.004489
                    169,                  1.943,                 1.2312,                 1.3206,                0.83344,                0.62892,                0.73806,                0.42161,                 1.8929,                  1.041,                 1.2712,               0.004456,               0.004456,               0.004456
                    170,                 1.9323,                  1.225,                 1.3136,                0.83446,                0.62917,                0.73784,                0.42182,                 1.8925,                 1.0407,                  1.271,               0.004423,               0.004423,               0.004423
                    171,                 1.9173,                 1.2167,                 1.3154,                0.83544,                0.62862,                0.73798,                 0.4214,                 1.8926,                 1.0403,                 1.2708,                0.00439,                0.00439,                0.00439
                    172,                 1.9364,                   1.23,                 1.3183,                0.83362,                0.63027,                0.73825,                0.42163,                 1.8921,                 1.0396,                 1.2704,               0.004357,               0.004357,               0.004357
                    173,                  1.937,                 1.2353,                 1.3188,                0.83241,                 0.6305,                0.73823,                0.42177,                 1.8927,                 1.0393,                 1.2703,               0.004324,               0.004324,               0.004324
                    174,                 1.9203,                 1.2268,                 1.3131,                0.83035,                0.63222,                0.73879,                0.42154,                 1.8933,                 1.0389,                 1.2705,               0.004291,               0.004291,               0.004291
                    175,                  1.932,                 1.2209,                 1.3156,                0.83217,                0.63185,                0.73916,                0.42201,                  1.893,                 1.0383,                 1.2702,               0.004258,               0.004258,               0.004258
                    176,                 1.9296,                 1.2137,                 1.3103,                0.83127,                0.63237,                 0.7391,                0.42232,                 1.8922,                 1.0377,                 1.2699,               0.004225,               0.004225,               0.004225
                    177,                 1.9235,                 1.2299,                 1.3137,                0.83505,                0.63059,                0.73974,                0.42319,                 1.8916,                  1.037,                 1.2698,               0.004192,               0.004192,               0.004192
                    178,                 1.9356,                 1.2246,                 1.3179,                0.83628,                0.63203,                0.74056,                0.42298,                 1.8912,                 1.0364,                 1.2695,               0.004159,               0.004159,               0.004159
                    179,                 1.9112,                 1.2094,                 1.3075,                0.83684,                0.63143,                0.73993,                0.42336,                  1.891,                 1.0361,                 1.2693,               0.004126,               0.004126,               0.004126
                    180,                 1.9242,                 1.2149,                 1.3108,                0.83541,                0.63292,                0.74052,                0.42352,                 1.8902,                 1.0355,                  1.269,               0.004093,               0.004093,               0.004093
                    181,                 1.9288,                 1.2145,                 1.3101,                0.83408,                0.63346,                0.74068,                0.42362,                 1.8896,                 1.0345,                 1.2687,                0.00406,                0.00406,                0.00406
                    182,                 1.9182,                  1.219,                 1.3086,                0.83356,                0.63417,                0.74171,                 0.4238,                 1.8883,                 1.0338,                 1.2683,               0.004027,               0.004027,               0.004027
                    183,                 1.9267,                 1.2145,                 1.3097,                0.83387,                0.63526,                0.74218,                  0.424,                 1.8882,                  1.033,                 1.2681,               0.003994,               0.003994,               0.003994
                    184,                 1.9097,                 1.2127,                 1.3069,                0.83505,                0.63476,                0.74192,                0.42412,                 1.8887,                 1.0325,                 1.2682,               0.003961,               0.003961,               0.003961
                    185,                 1.9164,                 1.2085,                 1.3087,                0.83628,                0.63452,                0.74261,                0.42454,                 1.8887,                 1.0315,                 1.2681,               0.003928,               0.003928,               0.003928
                    186,                 1.9126,                 1.2178,                 1.3075,                0.83739,                0.63379,                 0.7429,                0.42452,                 1.8877,                 1.0312,                 1.2678,               0.003895,               0.003895,               0.003895
                    187,                 1.9142,                 1.2102,                 1.3074,                  0.835,                0.63334,                0.74307,                0.42494,                 1.8866,                 1.0311,                 1.2675,               0.003862,               0.003862,               0.003862
                    188,                 1.9056,                 1.2077,                 1.3064,                0.83612,                0.63388,                0.74332,                0.42538,                 1.8863,                 1.0306,                 1.2673,               0.003829,               0.003829,               0.003829
                    189,                 1.9142,                 1.2078,                 1.3085,                0.83493,                0.63409,                0.74383,                0.42585,                 1.8859,                 1.0301,                 1.2673,               0.003796,               0.003796,               0.003796
                    190,                 1.8994,                 1.2051,                 1.3043,                0.83425,                0.63413,                0.74388,                0.42567,                 1.8859,                 1.0296,                 1.2673,               0.003763,               0.003763,               0.003763
                    191,                 1.9075,                 1.2004,                 1.3062,                0.83456,                0.63563,                  0.744,                0.42607,                  1.886,                 1.0289,                 1.2674,                0.00373,                0.00373,                0.00373
                    192,                 1.9124,                 1.2085,                  1.311,                0.83532,                0.63424,                0.74457,                0.42589,                 1.8864,                  1.029,                 1.2676,               0.003697,               0.003697,               0.003697
                    193,                 1.9125,                  1.207,                 1.3064,                0.83433,                0.63419,                0.74417,                0.42588,                 1.8866,                 1.0283,                 1.2677,               0.003664,               0.003664,               0.003664
                    194,                 1.9014,                 1.1943,                 1.3017,                0.83028,                0.63706,                0.74446,                0.42603,                 1.8869,                 1.0283,                 1.2678,               0.003631,               0.003631,               0.003631
                    195,                 1.9194,                 1.2092,                 1.3111,                0.83344,                0.63517,                0.74468,                0.42621,                 1.8875,                 1.0285,                 1.2679,               0.003598,               0.003598,               0.003598
                    196,                 1.8965,                 1.1909,                 1.2987,                0.83195,                0.63695,                0.74475,                0.42631,                 1.8863,                  1.028,                 1.2677,               0.003565,               0.003565,               0.003565
                    197,                 1.9048,                  1.209,                 1.3051,                0.83245,                0.63597,                0.74481,                0.42638,                 1.8865,                  1.028,                 1.2677,               0.003532,               0.003532,               0.003532
                    198,                 1.9079,                 1.2077,                 1.3056,                0.82905,                0.63895,                0.74475,                0.42611,                 1.8868,                 1.0274,                 1.2679,               0.003499,               0.003499,               0.003499
                    199,                 1.8959,                 1.1992,                 1.3046,                0.83176,                0.63691,                0.74502,                0.42687,                 1.8872,                 1.0273,                 1.2677,               0.003466,               0.003466,               0.003466
                    200,                 1.8976,                 1.1958,                 1.3053,                0.82678,                0.64016,                0.74481,                0.42693,                 1.8874,                 1.0269,                 1.2676,               0.003433,               0.003433,               0.003433
                    201,                 1.8965,                 1.1956,                 1.3017,                0.83148,                0.63692,                0.74517,                0.42697,                 1.8872,                 1.0262,                 1.2677,                 0.0034,                 0.0034,                 0.0034
                    202,                  1.899,                 1.1937,                 1.3039,                0.83192,                0.63674,                0.74509,                0.42698,                  1.888,                 1.0261,                 1.2681,               0.003367,               0.003367,               0.003367
                    203,                 1.8825,                 1.1824,                 1.2958,                0.83153,                0.63723,                0.74503,                0.42729,                 1.8874,                 1.0251,                 1.2676,               0.003334,               0.003334,               0.003334
                    204,                 1.8942,                 1.1936,                 1.2995,                 0.8314,                0.63694,                 0.7448,                0.42736,                 1.8874,                 1.0247,                 1.2675,               0.003301,               0.003301,               0.003301
                    205,                 1.8913,                  1.188,                  1.296,                0.82924,                0.64017,                 0.7458,                0.42747,                  1.887,                 1.0245,                 1.2675,               0.003268,               0.003268,               0.003268
                    206,                 1.9028,                 1.1963,                 1.3008,                0.83323,                0.63982,                0.74611,                0.42762,                 1.8868,                  1.024,                 1.2675,               0.003235,               0.003235,               0.003235
                    207,                 1.8914,                 1.1806,                 1.3007,                0.83079,                0.63993,                 0.7458,                0.42758,                 1.8874,                 1.0238,                 1.2678,               0.003202,               0.003202,               0.003202
                    208,                  1.886,                 1.1767,                  1.294,                0.83234,                0.63869,                0.74678,                0.42792,                 1.8877,                 1.0235,                 1.2679,               0.003169,               0.003169,               0.003169
                    209,                 1.8714,                 1.1748,                 1.2916,                0.83251,                0.63918,                0.74694,                0.42779,                 1.8877,                  1.023,                 1.2678,               0.003136,               0.003136,               0.003136
                    210,                    1.9,                 1.1939,                 1.3038,                0.83661,                0.63764,                0.74665,                0.42785,                 1.8878,                 1.0225,                 1.2674,               0.003103,               0.003103,               0.003103
                    211,                 1.8932,                 1.1864,                  1.295,                0.82881,                 0.6419,                0.74611,                 0.4274,                 1.8878,                 1.0224,                 1.2672,                0.00307,                0.00307,                0.00307
                    212,                 1.8853,                 1.1793,                 1.2946,                0.82959,                0.64186,                 0.7471,                 0.4273,                  1.888,                 1.0223,                 1.2673,               0.003037,               0.003037,               0.003037
                    213,                 1.8836,                 1.1767,                  1.293,                0.83043,                 0.6416,                0.74694,                0.42757,                 1.8894,                 1.0222,                 1.2676,               0.003004,               0.003004,               0.003004
                    214,                 1.8791,                 1.1756,                  1.294,                0.83413,                  0.641,                0.74659,                 0.4275,                 1.8909,                 1.0229,                 1.2677,               0.002971,               0.002971,               0.002971
                    215,                 1.8772,                 1.1739,                  1.291,                0.83196,                0.64157,                0.74668,                0.42706,                 1.8907,                 1.0223,                 1.2677,               0.002938,               0.002938,               0.002938
                    216,                 1.8824,                 1.1847,                 1.2973,                0.83311,                0.64127,                0.74701,                0.42761,                 1.8917,                 1.0232,                 1.2681,               0.002905,               0.002905,               0.002905
                    217,                 1.8836,                 1.1768,                 1.2964,                 0.8359,                0.63979,                0.74738,                0.42737,                  1.892,                  1.023,                 1.2683,               0.002872,               0.002872,               0.002872
                    218,                 1.8877,                 1.1856,                 1.2989,                0.84261,                0.63816,                0.74849,                0.42769,                 1.8923,                 1.0228,                 1.2682,               0.002839,               0.002839,               0.002839
                    219,                 1.8753,                 1.1758,                 1.2939,                0.83622,                0.64084,                0.74831,                0.42778,                 1.8932,                 1.0227,                 1.2683,               0.002806,               0.002806,               0.002806
                    220,                 1.8736,                 1.1715,                 1.2885,                0.83393,                0.64344,                0.74817,                0.42729,                 1.8928,                 1.0223,                 1.2681,               0.002773,               0.002773,               0.002773
                    221,                 1.8762,                 1.1757,                 1.2925,                0.83519,                0.64372,                0.74867,                0.42774,                 1.8927,                 1.0218,                 1.2678,                0.00274,                0.00274,                0.00274
                    222,                 1.8723,                 1.1671,                 1.2895,                0.83524,                0.64331,                0.74855,                0.42759,                  1.891,                 1.0211,                 1.2671,               0.002707,               0.002707,               0.002707
                    223,                 1.8808,                 1.1676,                 1.2923,                 0.8351,                0.64369,                0.74878,                0.42776,                 1.8902,                 1.0205,                 1.2666,               0.002674,               0.002674,               0.002674
                    224,                 1.8736,                 1.1716,                 1.2912,                0.83724,                0.64246,                0.74863,                0.42775,                 1.8899,                 1.0202,                 1.2664,               0.002641,               0.002641,               0.002641
                    225,                 1.8669,                 1.1659,                 1.2887,                0.83517,                0.64309,                0.74854,                0.42781,                 1.8895,                 1.0197,                 1.2661,               0.002608,               0.002608,               0.002608
                    226,                 1.8776,                 1.1764,                 1.2885,                0.83814,                0.64186,                0.74943,                0.42774,                 1.8886,                 1.0192,                 1.2655,               0.002575,               0.002575,               0.002575
                    227,                 1.8627,                 1.1666,                 1.2886,                0.83797,                0.64241,                0.74944,                0.42811,                 1.8877,                 1.0184,                 1.2653,               0.002542,               0.002542,               0.002542
                    228,                 1.8687,                 1.1616,                 1.2888,                0.83576,                0.64356,                0.74979,                0.42844,                  1.887,                 1.0176,                 1.2647,               0.002509,               0.002509,               0.002509
                    229,                 1.8755,                 1.1692,                 1.2891,                0.83661,                0.64361,                0.74946,                0.42829,                 1.8864,                 1.0169,                 1.2642,               0.002476,               0.002476,               0.002476
                    230,                 1.8711,                 1.1658,                 1.2863,                0.83406,                0.64298,                0.74927,                0.42873,                 1.8869,                  1.017,                 1.2642,               0.002443,               0.002443,               0.002443
                    231,                 1.8691,                 1.1643,                 1.2847,                0.83544,                0.64305,                0.74991,                0.42886,                 1.8866,                 1.0163,                 1.2641,                0.00241,                0.00241,                0.00241
                    232,                 1.8748,                 1.1685,                 1.2898,                0.83712,                0.64264,                0.75032,                0.42864,                 1.8876,                 1.0162,                 1.2643,               0.002377,               0.002377,               0.002377
                    233,                 1.8675,                 1.1662,                 1.2853,                0.83359,                0.64551,                 0.7504,                0.42868,                  1.886,                 1.0152,                 1.2636,               0.002344,               0.002344,               0.002344
                    234,                 1.8675,                 1.1644,                 1.2853,                0.83549,                0.64386,                0.75086,                0.42911,                 1.8854,                 1.0146,                 1.2636,               0.002311,               0.002311,               0.002311
                    235,                 1.8586,                  1.166,                 1.2887,                0.83235,                0.64797,                0.75185,                0.42922,                 1.8857,                 1.0142,                 1.2635,               0.002278,               0.002278,               0.002278
                    236,                 1.8598,                 1.1615,                 1.2882,                0.83213,                 0.6464,                0.75111,                0.42882,                 1.8861,                 1.0144,                 1.2633,               0.002245,               0.002245,               0.002245
                    237,                  1.853,                 1.1583,                 1.2857,                0.83322,                0.64717,                0.75159,                0.42879,                 1.8866,                 1.0142,                 1.2634,               0.002212,               0.002212,               0.002212
                    238,                 1.8614,                 1.1484,                 1.2796,                0.83385,                0.64597,                0.75191,                0.42843,                  1.887,                 1.0143,                 1.2636,               0.002179,               0.002179,               0.002179
                    239,                 1.8588,                  1.152,                 1.2833,                 0.8332,                0.64595,                0.75141,                0.42808,                 1.8875,                 1.0141,                 1.2634,               0.002146,               0.002146,               0.002146
                    240,                 1.8506,                 1.1497,                 1.2757,                0.83043,                0.64788,                0.75145,                0.42791,                 1.8866,                 1.0134,                 1.2632,               0.002113,               0.002113,               0.002113
                    241,                 1.8657,                 1.1603,                 1.2856,                0.83174,                0.64723,                0.75181,                0.42827,                 1.8863,                 1.0126,                 1.2631,                0.00208,                0.00208,                0.00208
                    242,                 1.8668,                 1.1609,                 1.2876,                0.83042,                0.64739,                0.75152,                0.42869,                 1.8852,                 1.0119,                 1.2627,               0.002047,               0.002047,               0.002047
                    243,                 1.8532,                 1.1588,                  1.283,                0.83088,                 0.6478,                0.75194,                0.42952,                 1.8832,                 1.0108,                  1.262,               0.002014,               0.002014,               0.002014
                    244,                 1.8526,                 1.1494,                 1.2813,                0.83183,                0.64852,                 0.7524,                0.42967,                 1.8819,                 1.0102,                 1.2615,               0.001981,               0.001981,               0.001981
                    245,                 1.8536,                 1.1457,                 1.2834,                0.83309,                0.64711,                0.75242,                0.42977,                 1.8818,                   1.01,                 1.2613,               0.001948,               0.001948,               0.001948
                    246,                  1.859,                 1.1532,                 1.2841,                 0.8374,                0.64506,                0.75225,                0.42947,                 1.8825,                 1.0099,                 1.2615,               0.001915,               0.001915,               0.001915
                    247,                 1.8346,                 1.1399,                 1.2793,                 0.8383,                0.64637,                 0.7524,                0.42955,                 1.8816,                 1.0093,                 1.2612,               0.001882,               0.001882,               0.001882
                    248,                 1.8512,                 1.1508,                 1.2798,                0.83971,                 0.6465,                0.75298,                0.42917,                 1.8816,                 1.0093,                 1.2613,               0.001849,               0.001849,               0.001849
                    249,                 1.8563,                 1.1454,                 1.2763,                0.83709,                0.64745,                0.75277,                0.42936,                 1.8799,                 1.0083,                 1.2608,               0.001816,               0.001816,               0.001816
                    250,                 1.8451,                 1.1432,                 1.2772,                0.84199,                0.64651,                0.75323,                0.42949,                  1.881,                 1.0083,                  1.261,               0.001783,               0.001783,               0.001783
                    251,                 1.8594,                 1.1485,                 1.2839,                0.83851,                0.64764,                0.75303,                0.42953,                 1.8816,                 1.0082,                 1.2612,                0.00175,                0.00175,                0.00175
                    252,                  1.853,                 1.1544,                 1.2845,                0.84496,                0.64583,                0.75366,                0.42975,                 1.8816,                 1.0081,                  1.261,               0.001717,               0.001717,               0.001717
                    253,                 1.8472,                 1.1445,                 1.2805,                0.84272,                0.64563,                0.75355,                0.43019,                 1.8809,                 1.0072,                 1.2609,               0.001684,               0.001684,               0.001684
                    254,                 1.8422,                 1.1412,                 1.2783,                0.84667,                0.64432,                0.75376,                0.43036,                 1.8804,                 1.0071,                 1.2604,               0.001651,               0.001651,               0.001651
                    255,                 1.8388,                 1.1406,                 1.2741,                0.84559,                0.64419,                 0.7538,                0.43067,                 1.8789,                 1.0066,                   1.26,               0.001618,               0.001618,               0.001618
                    256,                 1.8498,                 1.1477,                 1.2824,                0.84601,                0.64437,                0.75394,                0.43046,                 1.8794,                 1.0067,                 1.2599,               0.001585,               0.001585,               0.001585
                    257,                 1.8481,                 1.1466,                 1.2808,                0.84492,                0.64632,                0.75449,                0.43021,                 1.8799,                 1.0062,                   1.26,               0.001552,               0.001552,               0.001552
                    258,                 1.8481,                 1.1444,                 1.2776,                0.83543,                0.65082,                0.75445,                 0.4303,                 1.8804,                 1.0064,                 1.2602,               0.001519,               0.001519,               0.001519
                    259,                 1.8437,                 1.1441,                 1.2801,                0.83599,                 0.6504,                0.75435,                0.43034,                 1.8805,                 1.0062,                 1.2601,               0.001486,               0.001486,               0.001486
                    260,                 1.8526,                 1.1477,                 1.2786,                0.83638,                0.65039,                0.75502,                0.43031,                 1.8819,                 1.0064,                 1.2606,               0.001453,               0.001453,               0.001453
                    261,                 1.8343,                 1.1377,                 1.2749,                0.83988,                0.64827,                0.75514,                0.43014,                 1.8816,                 1.0063,                 1.2605,                0.00142,                0.00142,                0.00142
                    262,                 1.8433,                 1.1476,                 1.2786,                0.83599,                0.65002,                0.75506,                0.42998,                 1.8828,                 1.0068,                  1.261,               0.001387,               0.001387,               0.001387
                    263,                 1.8316,                 1.1382,                 1.2737,                0.83838,                0.64793,                0.75499,                0.43027,                 1.8824,                 1.0066,                  1.261,               0.001354,               0.001354,               0.001354
                    264,                 1.8395,                 1.1357,                  1.274,                0.83416,                0.65026,                0.75491,                0.43032,                 1.8825,                 1.0063,                 1.2609,               0.001321,               0.001321,               0.001321
                    265,                 1.8439,                 1.1457,                  1.282,                 0.8408,                0.64704,                0.75535,                0.43029,                 1.8836,                 1.0064,                 1.2611,               0.001288,               0.001288,               0.001288
                    266,                 1.8348,                 1.1319,                 1.2734,                0.84363,                0.64627,                0.75519,                0.43037,                 1.8838,                 1.0061,                 1.2613,               0.001255,               0.001255,               0.001255
                    267,                 1.8397,                  1.137,                 1.2735,                0.83658,                0.64925,                0.75547,                0.43023,                 1.8847,                 1.0071,                 1.2617,               0.001222,               0.001222,               0.001222
                    268,                 1.8323,                 1.1303,                 1.2726,                0.84026,                0.64791,                0.75567,                0.43003,                  1.885,                 1.0074,                  1.262,               0.001189,               0.001189,               0.001189
                    269,                 1.8316,                 1.1332,                 1.2744,                0.83872,                0.64887,                0.75567,                0.43056,                 1.8851,                 1.0067,                 1.2619,               0.001156,               0.001156,               0.001156
                    270,                 1.8225,                 1.1314,                 1.2702,                0.84117,                0.64845,                0.75605,                 0.4307,                 1.8846,                 1.0067,                 1.2618,               0.001123,               0.001123,               0.001123
                    271,                 1.8326,                 1.1244,                 1.2678,                0.84436,                0.64596,                0.75597,                0.43034,                 1.8852,                 1.0067,                 1.2618,                0.00109,                0.00109,                0.00109
                    272,                 1.8275,                  1.125,                 1.2753,                0.84597,                0.64598,                0.75678,                0.43132,                 1.8849,                  1.006,                 1.2615,               0.001057,               0.001057,               0.001057
                    273,                 1.8393,                 1.1333,                 1.2774,                0.84257,                0.64675,                0.75634,                 0.4314,                 1.8849,                 1.0062,                 1.2614,               0.001024,               0.001024,               0.001024
                    274,                 1.8304,                  1.129,                 1.2689,                0.84292,                0.64823,                0.75735,                0.43167,                 1.8838,                 1.0055,                 1.2609,               0.000991,               0.000991,               0.000991
                    275,                 1.8281,                 1.1371,                 1.2715,                0.84151,                0.64795,                0.75715,                0.43145,                 1.8834,                 1.0056,                 1.2609,               0.000958,               0.000958,               0.000958
                    276,                 1.8313,                 1.1344,                 1.2701,                0.84154,                 0.6484,                0.75766,                0.43127,                 1.8839,                 1.0059,                 1.2611,               0.000925,               0.000925,               0.000925
                    277,                 1.8409,                 1.1418,                 1.2786,                0.83859,                0.64908,                0.75737,                 0.4314,                 1.8834,                 1.0063,                  1.261,               0.000892,               0.000892,               0.000892
                    278,                 1.8353,                 1.1374,                  1.272,                0.83935,                0.64959,                0.75724,                0.43128,                 1.8838,                 1.0058,                 1.2609,               0.000859,               0.000859,               0.000859
                    279,                 1.8196,                  1.128,                 1.2736,                0.83974,                0.64979,                0.75711,                0.43191,                 1.8846,                 1.0057,                 1.2608,               0.000826,               0.000826,               0.000826
                    280,                 1.8321,                 1.1308,                 1.2747,                0.84155,                 0.6478,                0.75733,                 0.4316,                 1.8845,                 1.0055,                 1.2606,               0.000793,               0.000793,               0.000793
                    281,                 1.8211,                 1.1307,                 1.2724,                0.84226,                0.64861,                0.75697,                0.43191,                 1.8836,                 1.0049,                   1.26,                0.00076,                0.00076,                0.00076
                    282,                 1.8176,                 1.1242,                 1.2737,                0.84155,                0.64889,                 0.7572,                0.43217,                 1.8848,                 1.0059,                 1.2604,               0.000727,               0.000727,               0.000727
                    283,                 1.8219,                 1.1216,                 1.2687,                0.84319,                0.64952,                0.75833,                0.43217,                 1.8842,                 1.0049,                 1.2599,               0.000694,               0.000694,               0.000694
                    284,                  1.821,                 1.1252,                 1.2701,                0.84308,                0.64912,                0.75761,                0.43219,                 1.8848,                 1.0049,                 1.2601,               0.000661,               0.000661,               0.000661
                    285,                 1.8211,                 1.1216,                 1.2702,                0.84258,                0.64806,                0.75728,                 0.4323,                 1.8859,                 1.0053,                 1.2604,               0.000628,               0.000628,               0.000628
                    286,                 1.8124,                 1.1233,                 1.2697,                0.83911,                 0.6502,                0.75716,                0.43178,                 1.8866,                 1.0064,                 1.2608,               0.000595,               0.000595,               0.000595
                    287,                 1.8281,                 1.1323,                 1.2753,                0.83868,                0.65048,                0.75648,                0.43136,                  1.888,                 1.0069,                 1.2611,               0.000562,               0.000562,               0.000562
                    288,                 1.8159,                 1.1289,                 1.2685,                0.83731,                0.65104,                0.75609,                0.43121,                   1.89,                 1.0078,                 1.2618,               0.000529,               0.000529,               0.000529
                    289,                  1.826,                 1.1209,                 1.2672,                0.83771,                0.65008,                0.75548,                0.43113,                 1.8909,                 1.0079,                  1.262,               0.000496,               0.000496,               0.000496
                    290,                 1.8174,                 1.1213,                 1.2682,                0.83824,                0.64826,                0.75585,                0.43077,                 1.8921,                 1.0086,                 1.2624,               0.000463,               0.000463,               0.000463
                    291,                 1.8545,                 1.0649,                 1.3037,                0.83714,                0.64861,                0.75599,                0.43062,                 1.8922,                 1.0084,                 1.2622,                0.00043,                0.00043,                0.00043
                    292,                 1.8224,                 1.0291,                 1.2908,                0.83678,                 0.6483,                0.75599,                0.43161,                 1.8907,                 1.0075,                 1.2614,               0.000397,               0.000397,               0.000397
                    293,                 1.8263,                 1.0293,                 1.2914,                0.84004,                0.64816,                0.75691,                0.43156,                 1.8905,                 1.0069,                 1.2612,               0.000364,               0.000364,               0.000364
                    294,                 1.8151,                 1.0223,                  1.286,                0.83795,                  0.648,                0.75706,                0.43185,                 1.8886,                 1.0057,                 1.2604,               0.000331,               0.000331,               0.000331
                    295,                 1.8034,                 1.0123,                 1.2833,                0.83891,                0.64818,                0.75775,                0.43236,                 1.8873,                 1.0044,                 1.2596,               0.000298,               0.000298,               0.000298
                    296,                  1.811,                  1.014,                 1.2882,                0.83911,                0.64856,                0.75798,                0.43242,                 1.8866,                 1.0039,                  1.259,               0.000265,               0.000265,               0.000265
                    297,                 1.8065,                 1.0131,                 1.2867,                0.84156,                0.64851,                 0.7579,                0.43255,                 1.8862,                 1.0036,                 1.2588,               0.000232,               0.000232,               0.000232
                    298,                 1.7988,                 1.0045,                 1.2812,                0.84188,                0.64778,                0.75821,                0.43286,                 1.8857,                 1.0031,                 1.2583,               0.000199,               0.000199,               0.000199
                    299,                 1.8032,                 1.0121,                  1.289,                0.84422,                0.64603,                0.75786,                 0.4325,                 1.8854,                 1.0031,                  1.258,               0.000166,               0.000166,               0.000166
                    300,                 1.7982,                 1.0037,                 1.2804,                0.84538,                0.64631,                0.75823,                0.43282,                 1.8844,                 1.0027,                 1.2576,               0.000133,               0.000133,               0.000133
